feature,importance
gru_predicted_speed,0.37288752
low_speed_fraction,0.12916707
current_speed_mean,0.1191056
high_speed_fraction,0.087172106
recent_speed_std,0.034891427
current_speed_std,0.028396366
recent_speed_mean,0.025043638
previous_speed_mean,0.022929922
sensor_index,0.020636596
hour,0.018478164
hour_cos,0.014572156
moderate_speed_fraction,0.0120151555
speed_change_std,0.011481244
sequence_speed_std,0.0100883925
hour_sin,0.009052573
current_speed_min,0.009043414
long_term_speed_change,0.009018941
sequence_speed_mean,0.008948975
day_of_week,0.008668499
current_speed_max,0.00792648
day_cos,0.007665348
day_sin,0.0076406146
near_zero_fraction,0.007561749
previous_speed_std,0.0072550164
speed_change_mean,0.005440193
is_weekend,0.0049127974
