split,low_moderate_threshold,moderate_severe_threshold,low_count,moderate_count,severe_count,low_percent,moderate_percent,severe_percent
Train,0.1,0.3,3389729,703541,869762,68.29955962403628,14.175628930057272,17.524811445906455
Train,0.15,0.35,3758992,382854,821186,75.7398300071408,7.71411508126484,16.546054911594364
Train,0.2,0.4,3938335,248787,775910,79.3534073526022,5.012802657730194,15.633789989667607
Train,0.25,0.45,4031711,202837,728484,81.2348378974788,4.086957327698069,14.678204774823133
Train,0.3,0.5,4093270,193234,676528,82.47518855409355,3.8934667356567516,13.631344710249703
Validation,0.1,0.3,716420,136399,208263,67.51787326521419,12.854708684154476,19.627418050631338
Validation,0.15,0.35,788355,74206,198521,74.29727391473986,6.993427463664448,18.709298621595693
Validation,0.2,0.4,822644,49162,189276,77.52878665362337,4.633195172474889,17.838018173901734
Validation,0.25,0.45,840757,40952,179373,79.23581777845634,3.8594566678164366,16.904725553727232
Validation,0.3,0.5,852819,40182,168081,80.37258194936867,3.7868892319349494,15.840528818696388
Test,0.1,0.3,672379,137673,251444,63.3425844280148,12.969714440751543,23.687701131233656
Test,0.15,0.35,745001,75182,241313,70.18406098562784,7.082645624665567,22.733293389706603
Test,0.2,0.4,779571,50466,231459,73.44078545750526,4.754233647606774,21.80498089488797
Test,0.25,0.45,797741,42892,220863,75.15252059357736,4.0407123531318065,20.806767053290827
Test,0.3,0.5,810052,42641,208803,76.31229886876635,4.01706647976064,19.670634651473016
