split,sensor_index,low_percent,moderate_percent,severe_percent,sample_count
train,1,77.11878545211879,8.504337671004338,14.376876876876876,23976
train,2,86.48648648648648,7.665999332665999,5.847514180847514,23976
train,3,84.71805138471805,4.52952952952953,10.75241908575242,23976
train,4,45.4662996329663,40.39456122789456,14.13913913913914,23976
train,5,38.74290957624291,11.307140473807141,49.94994994994995,23976
train,6,43.66866866866867,39.81064397731065,16.520687354020687,23976
train,7,65.84501167834502,15.49049049049049,18.664497831164496,23976
train,8,82.4366032699366,7.46996996996997,10.093426760093427,23976
train,9,69.84901568234902,19.840674007340674,10.31031031031031,23976
train,10,67.6343009676343,7.924591257924591,24.441107774441107,23976
train,11,73.09809809809809,20.028361695028362,6.873540206873541,23976
train,12,81.58992325658993,5.392892892892893,13.017183850517183,23976
train,13,43.25575575575576,3.670337003670337,53.0739072405739,23976
train,14,76.19703036369702,14.664664664664665,9.138304971638304,23976
train,15,63.788788788788786,19.853186519853185,16.358024691358025,23976
train,16,38.15482148815482,13.083917250583918,48.76126126126126,23976
train,17,37.37487487487488,41.13697030363697,21.488154821488152,23976
train,18,68.2349015682349,16.612445779112445,15.152652652652653,23976
train,19,59.01735068401736,31.952786119452785,9.029863196529863,23976
train,20,70.65398732065398,14.068234901568236,15.277777777777779,23976
train,21,78.10727394060727,11.974474474474475,9.918251584918252,23976
train,22,66.57073740407074,24.904070737404073,8.525191858525192,23976
train,23,56.88188188188188,17.454954954954953,25.663163163163162,23976
train,24,59.02152152152153,22.130463797130464,18.848014681348015,23976
train,25,78.003003003003,13.580246913580247,8.416750083416751,23976
train,26,58.62112112112112,18.785452118785454,22.593426760093426,23976
train,27,45.24524524524524,28.18651985318652,26.568234901568232,23976
train,28,86.7992992992993,7.253086419753087,5.947614280947614,23976
train,29,85.58975642308975,4.971638304971638,9.438605271938606,23976
train,30,76.13863863863864,11.615782449115782,12.245578912245579,23976
train,31,64.90657323990658,25.104270937604273,9.989155822489156,23976
train,32,87.30397063730398,4.825658992325659,7.87037037037037,23976
train,33,74.87487487487488,12.871204537871206,12.253920587253921,23976
train,34,44.836503169836504,43.88555221888556,11.277944611277944,23976
train,35,77.39823156489824,9.021521521521523,13.580246913580247,23976
train,36,67.34651317984651,24.486986986986985,8.166499833166501,23976
train,37,71.55488822155489,7.632632632632633,20.81247914581248,23976
train,38,72.6685018351685,8.17067067067067,19.160827494160827,23976
train,39,50.57557557557557,14.364364364364365,35.06006006006006,23976
train,40,65.84918251584918,11.966132799466132,22.184684684684687,23976
train,41,76.6307974641308,8.466800133466801,14.902402402402403,23976
train,42,61.02352352352353,13.288288288288289,25.68818818818819,23976
train,43,67.12545879212546,12.508341675008342,20.3661995328662,23976
train,44,66.8335001668335,9.95161828495162,23.214881548214883,23976
train,45,81.75258591925258,10.497997997997997,7.749416082749416,23976
train,46,83.59192525859193,8.91307974641308,7.494994994994995,23976
train,47,82.30313646980314,6.836002669336002,10.86086086086086,23976
train,48,55.492992992992995,15.88254921588255,28.624457791124456,23976
train,49,60.97764431097764,12.40407073740407,26.618284951618286,23976
train,50,67.49249249249249,20.25775775775776,12.24974974974975,23976
train,51,64.92742742742743,26.718385051718386,8.354187520854188,23976
train,52,31.3355021688355,45.78745412078745,22.877043710377045,23976
train,53,61.5699032365699,9.676343009676343,28.753753753753752,23976
train,54,53.50767434100767,32.64931598264932,13.84300967634301,23976
train,55,72.38488488488488,12.787787787787789,14.827327327327328,23976
train,56,83.21654988321654,6.289622956289623,10.493827160493826,23976
train,57,34.48865532198865,35.76076076076076,29.750583917250584,23976
train,58,74.34517851184518,10.739906573239907,14.914914914914915,23976
train,59,68.77293960627294,22.117951284617952,9.10910910910911,23976
train,60,79.42942942942943,12.516683350016683,8.053887220553888,23976
train,61,59.16332999666333,14.944110777444111,25.89255922589256,23976
train,62,56.82766099432766,17.934601267934603,25.237737737737735,23976
train,63,59.18418418418418,25.88421755088422,14.931598264931598,23976
train,64,60.06423089756423,17.505005005005007,22.430764097430764,23976
train,65,85.24774774774775,4.4502836169502835,10.301968635301968,23976
train,66,74.88321654988322,18.2349015682349,6.881881881881882,23976
train,67,84.59709709709709,3.899733066399733,11.50316983650317,23976
train,68,87.05372038705373,5.880880880880881,7.0653987320653995,23976
train,69,77.44411077744411,7.102936269602936,15.452952952952954,23976
train,70,66.26626626626627,13.279946613279947,20.453787120453786,23976
train,71,77.24391057724391,7.711878545211878,15.044210877544211,23976
train,72,70.07841174507841,19.056556556556554,10.865031698365032,23976
train,73,56.65665665665666,23.823823823823822,19.51951951951952,23976
train,74,53.37420754087421,11.440607273940607,35.18518518518518,23976
train,75,80.45962629295963,3.5243576910243575,16.016016016016017,23976
train,76,58.833833833833836,18.785452118785454,22.380714047380714,23976
train,77,52.218885552218886,22.77694361027694,25.00417083750417,23976
train,78,60.72739406072739,18.856356356356358,20.416249582916247,23976
train,79,82.79112445779113,5.113446780113446,12.095428762095429,23976
train,80,85.94427761094427,4.175008341675008,9.880714047380714,23976
train,81,67.42158825492159,22.130463797130464,10.447947947947949,23976
train,82,49.70387053720387,18.973139806473142,31.322989656322992,23976
train,83,59.82232232232232,13.634467801134468,26.543209876543212,23976
train,84,82.54921588254922,6.506506506506507,10.944277610944278,23976
train,85,65.61144477811145,14.255922589255924,20.13263263263263,23976
train,86,83.48765432098766,3.958124791458125,12.554220887554221,23976
train,87,64.96913580246914,20.491324657991324,14.53953953953954,23976
train,88,63.263263263263255,15.678178178178179,21.058558558558556,23976
train,89,78.38672005338671,4.758925592258926,16.854354354354353,23976
train,90,79.66299632966299,7.595095095095095,12.741908575241908,23976
train,91,87.90457123790458,5.234401067734401,6.861027694361027,23976
train,92,36.56573239906573,12.216383049716383,51.217884551217885,23976
train,93,85.28111444778112,3.7871204537871206,10.931765098431766,23976
train,94,77.43993993993993,8.445945945945946,14.114114114114114,23976
train,95,74.10744077410743,7.165498832165499,18.72706039372706,23976
train,96,57.74941608274942,21.2671004337671,20.983483483483482,23976
train,97,79.19169169169169,2.848682015348682,17.959626292959626,23976
train,98,77.26893560226894,5.87671004337671,16.854354354354353,23976
train,99,72.70186853520187,10.823323323323324,16.47480814147481,23976
train,100,89.97747747747748,4.124958291624958,5.897564230897564,23976
train,101,60.55221888555222,13.918084751418085,25.529696363029696,23976
train,102,56.61077744411078,19.9657991324658,23.423423423423422,23976
train,103,74.00316983650316,10.46046046046046,15.536369703036371,23976
train,104,74.43693693693693,10.548048048048047,15.015015015015015,23976
train,105,78.77460794127461,8.437604270937605,12.787787787787789,23976
train,106,74.42859526192859,2.48998998998999,23.081414748081414,23976
train,107,85.50216883550218,3.0864197530864197,11.411411411411411,23976
train,108,85.6398064731398,3.069736403069736,11.290457123790457,23976
train,109,83.44594594594594,2.4190857524190856,14.134968301634968,23976
train,110,69.84067400734068,19.598765432098766,10.56056056056056,23976
train,111,75.35452118785452,12.791958625291958,11.85352018685352,23976
train,112,76.4305972639306,7.8995662328995655,15.669836503169837,23976
train,113,42.767767767767765,32.5950950950951,24.637137137137138,23976
train,114,66.82098765432099,15.411244577911246,17.76776776776777,23976
train,115,73.11061061061062,13.359192525859193,13.530196863530197,23976
train,116,79.24174174174175,7.761928595261929,12.996329662996331,23976
train,117,73.91975308641975,15.803303303303304,10.276943610276943,23976
train,118,77.4024024024024,6.685852519185853,15.911745078411746,23976
train,119,85.59809809809809,7.695195195195195,6.706706706706707,23976
train,120,77.70687354020687,5.046713380046714,17.246413079746414,23976
train,121,60.19769769769769,19.62379045712379,20.178511845178512,23976
train,122,63.63863863863863,26.622455789122455,9.738905572238906,23976
train,123,79.34601267934602,8.804637971304638,11.84934934934935,23976
train,124,89.31014347681014,4.850684017350685,5.839172505839173,23976
train,125,50.45045045045045,28.13646980313647,21.41307974641308,23976
train,126,52.78194861528195,26.44310977644311,20.77494160827494,23976
train,127,52.698531865198525,34.51785118451785,12.783616950283616,23976
train,128,65.87003670337003,5.4387721054387725,28.69119119119119,23976
train,129,75.84668001334668,8.721221221221223,15.432098765432098,23976
train,130,64.52702702702703,21.383883883883883,14.089089089089088,23976
train,131,70.29529529529529,10.114280947614281,19.590423757090424,23976
train,132,62.49582916249583,13.73873873873874,23.765432098765434,23976
train,133,88.70537203870538,3.4200867534200867,7.874541207874541,23976
train,134,52.122956289622955,24.691358024691358,23.185685685685687,23976
train,135,65.22355689022355,8.400066733400067,26.376376376376378,23976
train,136,80.58892225558893,12.925425425425423,6.485652318985652,23976
train,137,76.93526860193526,10.585585585585585,12.479145812479146,23976
train,138,57.74107440774108,18.589422756089423,23.669502836169503,23976
train,139,64.59793126459793,17.008675342008676,18.393393393393392,23976
train,140,63.254921588254916,11.165331998665332,25.579746413079747,23976
train,141,44.098264931598266,34.66383049716383,21.2379045712379,23976
train,142,57.5241908575242,12.141307974641308,30.3345011678345,23976
train,143,73.2399065732399,11.10694027360694,15.653153153153154,23976
train,144,70.85418752085418,17.434100767434103,11.711711711711711,23976
train,145,40.28611945278612,10.865031698365032,48.848848848848846,23976
train,146,82.24891558224891,4.070737404070737,13.680347013680347,23976
train,147,61.15281948615282,11.891057724391057,26.95612278945612,23976
train,148,66.73757090423757,22.138805472138806,11.123623623623624,23976
train,149,57.603436770103436,12.637637637637638,29.75892559225893,23976
train,150,73.98648648648648,2.669336002669336,23.344177510844176,23976
train,151,55.32198865532199,14.760593927260594,29.91741741741742,23976
train,152,68.23907240573908,17.34234234234234,14.418585251918586,23976
train,153,78.56606606606607,13.417584250917583,8.01634968301635,23976
train,154,82.48665331998666,9.388555221888554,8.124791458124792,23976
train,155,72.77694361027694,12.721054387721054,14.502002002002001,23976
train,156,63.63029696363029,8.633633633633634,27.736069402736067,23976
train,157,70.8958958958959,23.039706373039706,6.064397731064398,23976
train,158,78.0613947280614,7.424090757424091,14.514514514514515,23976
train,159,49.74557891224558,25.68401735068402,24.570403737070404,23976
train,160,61.874374374374376,6.239572906239573,31.886052719386054,23976
train,161,51.50984317650984,5.146813480146814,43.34334334334334,23976
train,162,79.72138805472139,8.2665999332666,12.012012012012011,23976
train,163,81.06022689356023,5.893393393393393,13.04637971304638,23976
train,164,58.96312979646313,3.3783783783783785,37.65849182515849,23976
train,165,64.00150150150151,13.254921588254923,22.743576910243576,23976
train,166,41.95028361695029,37.90457123790457,20.145145145145147,23976
train,167,67.4341007674341,14.581247914581247,17.98465131798465,23976
train,168,85.53553553553553,7.386553219886554,7.077911244577911,23976
train,169,77.20637303970638,10.3687020353687,12.424924924924925,23976
train,170,77.64014014014013,12.14964964964965,10.21021021021021,23976
train,171,51.317984651317985,31.398064731398062,17.28395061728395,23976
train,172,80.93927260593927,8.85885885885886,10.20186853520187,23976
train,173,56.064397731064396,20.845845845845844,23.089756423089757,23976
train,174,81.11027694361029,7.974641307974642,10.915081748415082,23976
train,175,49.22005338672005,17.78028028028028,32.99966633299967,23976
train,176,68.28495161828495,13.980647313980649,17.7344010677344,23976
train,177,80.50133466800133,5.105105105105105,14.393560226893559,23976
train,178,85.46046046046047,8.61277944611278,5.92676009342676,23976
train,179,79.65465465465465,13.517684351017683,6.827660994327661,23976
train,180,75.5422088755422,18.126459793126457,6.331331331331332,23976
train,181,51.3596930263597,31.460627293960624,17.17967967967968,23976
train,182,71.17117117117117,14.210043376710043,14.618785452118784,23976
train,183,78.61611611611612,10.372872872872872,11.01101101101101,23976
train,184,88.94728061394727,1.9769769769769767,9.075742409075742,23976
train,185,89.03486820153486,5.142642642642643,5.822489155822489,23976
train,186,78.35752419085752,11.273773773773774,10.3687020353687,23976
train,187,71.80930930930931,14.301801801801803,13.88888888888889,23976
train,188,47.2681014347681,5.92676009342676,46.805138471805144,23976
train,189,72.86036036036036,15.281948615281948,11.857691024357692,23976
train,190,72.94794794794794,18.92308975642309,8.128962295628963,23976
train,191,75.64230897564231,10.06423089756423,14.29346012679346,23976
train,192,40.290290290290294,6.815148481815149,52.89456122789456,23976
train,193,63.9305972639306,21.096096096096094,14.973306639973307,23976
train,194,37.36236236236236,7.991324657991325,54.64631297964632,23976
train,195,47.96463129796463,31.99032365699032,20.045045045045047,23976
train,196,76.78928928928929,7.887053720387054,15.323656990323656,23976
train,197,45.207707707707705,39.90657323990657,14.885719052385719,23976
train,198,44.97831164497831,26.75175175175175,28.269936603269937,23976
train,199,79.71304637971305,5.426259592926259,14.860694027360694,23976
train,200,66.1327994661328,13.621955288621956,20.245245245245243,23976
train,201,79.11244577911245,14.522856189522857,6.364698031364697,23976
train,202,78.82882882882883,9.634634634634635,11.536536536536536,23976
train,203,79.17917917917919,11.15699032365699,9.663830497163831,23976
train,204,87.37487487487488,6.402235568902236,6.222889556222889,23976
train,205,60.57724391057724,21.642475809142475,17.78028028028028,23976
train,206,79.3335001668335,9.668001334668002,10.998498498498499,23976
train,207,71.60076743410076,9.088254921588256,19.310977644310977,23976
validation,1,57.64728833398362,6.359734685914943,35.992976980101446,5126
validation,2,86.89036285602809,6.359734685914943,6.7499024580569635,5126
validation,3,83.1837690206789,4.408895825204838,12.40733515411627,5126
validation,4,47.93211080764729,35.661334373780726,16.406554818571987,5126
validation,5,40.26531408505657,9.968786578228638,49.76589933671479,5126
validation,6,32.988685134607884,46.70308232539992,20.308232539992197,5126
validation,7,63.10963714397191,15.489660554038236,21.400702301989856,5126
validation,8,86.79282091299258,6.496293406164651,6.710885680842763,5126
validation,9,71.49824424502536,15.353101833788529,13.14865392118611,5126
validation,10,68.45493562231759,6.301209520093639,25.243854857588765,5126
validation,11,56.59383534920016,34.37378072571205,9.032383925087787,5126
validation,12,85.83690987124464,5.150214592274678,9.012875536480687,5126
validation,13,42.85992976980101,3.3164260632071794,53.823644166991805,5126
validation,14,72.37612173234491,14.41669918064768,13.207179087007411,5126
validation,15,60.59305501365587,21.771361685524777,17.635583300819352,5126
validation,16,39.23136948888022,13.304721030042918,47.46390948107687,5126
validation,17,36.89036285602809,42.15762777994538,20.95200936402653,5126
validation,18,66.7772142021069,15.860319937573156,17.362465860319936,5126
validation,19,59.50058525165821,28.696839641045653,11.802575107296137,5126
validation,20,68.70854467420992,10.690596956691376,20.600858369098713,5126
validation,21,73.68318376902067,11.724541552867732,14.592274678111588,5126
validation,22,67.67460007803355,21.595786188060867,10.72961373390558,5126
validation,23,56.12563402262973,14.767850175575498,29.106515801794774,5126
validation,24,61.37339055793991,18.240343347639485,20.386266094420602,5126
validation,25,76.55091689426453,12.153726102223956,11.29535700351151,5126
validation,26,42.80140460397971,30.628170113148656,26.570425282871636,5126
validation,27,50.09754194303551,29.282091299258685,20.620366757705813,5126
validation,28,87.28053062817011,6.047600468201327,6.671868903628559,5126
validation,29,84.97854077253218,4.25282871634803,10.768630511119781,5126
validation,30,76.14124073351542,10.085836909871244,13.772922356613343,5126
validation,31,66.5431135388217,22.532188841201716,10.92469761997659,5126
validation,32,88.54857588763169,4.27233710495513,7.179087007413187,5126
validation,33,73.33203277409285,13.363246195864223,13.304721030042918,5126
validation,34,46.2738977760437,38.060866172454155,15.665236051502147,5126
validation,35,76.76550916894264,8.837300039016776,14.397190792040576,5126
validation,36,68.02575107296137,20.91299258681233,11.061256340226297,5126
validation,37,81.13538821693328,7.744830277019118,11.1197815060476,5126
validation,38,56.96449473273507,5.754974639094811,37.28053062817011,5126
validation,39,51.931330472103,14.8458837300039,33.222785797893096,5126
validation,40,60.94420600858369,12.602419040187279,26.45337495122903,5126
validation,41,75.63402262973078,6.535310183378853,17.830667186890363,5126
validation,42,67.20639875146313,8.993367147873586,23.800234100663285,5126
validation,43,69.74248927038627,9.715177526336324,20.542333203277412,5126
validation,44,65.72376121732346,7.725321888412018,26.55091689426453,5126
validation,45,82.11080764728833,10.280920795942256,7.608271556769411,5126
validation,46,84.82247366367538,8.193523214982443,6.984003121342178,5126
validation,47,84.86149044088958,6.515801794771751,8.622707764338667,5126
validation,48,57.276628950448696,12.329301599687865,30.39406944986344,5126
validation,49,65.33359344518142,11.587982832618025,23.078423722200547,5126
validation,50,68.18181818181817,18.942645337495122,12.875536480686694,5126
validation,51,67.03082325399922,22.200546234881,10.768630511119781,5126
validation,52,36.67577058134998,40.59695669137729,22.727272727272727,5126
validation,53,60.69059695669138,8.48614904408896,30.823253999219663,5126
validation,54,54.93562231759657,32.657042528287164,12.40733515411627,5126
validation,55,71.82988685134607,11.236831837690207,16.933281310963714,5126
validation,56,86.40265314085056,6.6133437378072575,6.984003121342178,5126
validation,57,37.729223566133435,28.50175575497464,33.76902067889193,5126
validation,58,74.38548575887631,8.232539992196644,17.381974248927037,5126
validation,59,68.06476785017558,19.508388607101054,12.426843542723372,5126
validation,60,77.54584471322669,11.900117050331643,10.55403823644167,5126
validation,61,59.1884510339446,11.997658993367148,28.813889972688255,5126
validation,62,52.555598907530246,16.09442060085837,31.349980491611397,5126
validation,63,59.734685914943434,22.512680452594616,17.752633632461958,5126
validation,64,57.14007023019898,13.831447522434647,29.028482247366366,5126
validation,65,85.1541162699961,3.3944596176355835,11.451424112368318,5126
validation,66,70.05462348809989,22.317596566523605,7.627779945376512,5126
validation,67,87.86578228638314,3.1408505657432695,8.993367147873586,5126
validation,68,85.23214982442451,5.286773312524386,9.481076863051111,5126
validation,69,77.95552087397581,4.291845493562231,17.752633632461958,5126
validation,70,63.05111197815061,9.871244635193133,27.077643386656263,5126
validation,71,59.032383925087785,4.564962934061646,36.40265314085057,5126
validation,72,62.44635193133047,4.896605540382364,32.657042528287164,5126
validation,73,53.41396800624268,22.571205618415917,24.014826375341396,5126
validation,74,55.13070620366758,9.61763558330082,35.251658213031604,5126
validation,75,78.77487319547404,2.516582130316036,18.70854467420991,5126
validation,76,55.03316426063207,16.913772922356614,28.053062817011316,5126
validation,77,60.39797112758486,13.655872024970735,25.946156847444403,5126
validation,78,40.753023800234104,36.73429574717129,22.512680452594616,5126
validation,79,81.03784627389777,5.540382364416699,13.421771361685526,5126
validation,80,84.25673039406945,3.8431525555989077,11.900117050331643,5126
validation,81,67.40148263753414,19.41084666406555,13.18767069840031,5126
validation,82,49.60983222785798,15.275068279360124,35.1150994927819,5126
validation,83,60.63207179087008,9.012875536480687,30.35505267264924,5126
validation,84,82.50097541943036,5.950058525165821,11.548966055403824,5126
validation,85,67.28443230589153,13.012095200936402,19.703472493172065,5126
validation,86,86.53921186110027,3.8431525555989077,9.61763558330082,5126
validation,87,63.694888802184934,17.147873585641825,19.157237612173233,5126
validation,88,64.49473273507608,15.37261022239563,20.132657042528287,5126
validation,89,79.06749902458057,4.057744830277019,16.87475614514241,5126
validation,90,81.2524385485759,6.496293406164651,12.251268045259462,5126
validation,91,85.77838470542332,5.052672649239173,9.168942645337495,5126
validation,92,37.65119001170503,9.07140070230199,53.277409285992974,5126
validation,93,88.41201716738198,4.330862270776434,7.2571205618415915,5126
validation,94,76.06320717908702,6.886461178306671,17.05033164260632,5126
validation,95,72.04447912602419,7.315645727662895,20.639875146312914,5126
validation,96,56.14514241123684,20.815450643776824,23.039406944986343,5126
validation,97,74.85368708544674,2.4385485758876317,22.707764338665626,5126
validation,98,76.0241904018728,4.44791260241904,19.527896995708154,5126
validation,99,73.52711666016387,7.705813499804916,18.767069840031215,5126
validation,100,88.09988294966836,4.64299648849005,7.2571205618415915,5126
validation,101,63.49980491611393,13.441279750292626,23.058915333593443,5126
validation,102,57.06203667577058,20.600858369098713,22.33710495513071,5126
validation,103,75.02926258291065,7.5497463909481075,17.42099102614124,5126
validation,104,71.61529457666796,9.851736246586032,18.532969176746,5126
validation,105,81.27194693718299,7.159578618806087,11.568474444010924,5126
validation,106,86.92937963324229,2.828716348029653,10.241904018728052,5126
validation,107,84.88099882949668,2.7311744049941473,12.38782676550917,5126
validation,108,89.27038626609442,3.862660944206009,6.866952789699571,5126
validation,109,87.0464299648849,2.633632461958642,10.319937573156457,5126
validation,110,71.01053452984783,17.167381974248926,11.822083495903238,5126
validation,111,78.44323058915333,11.1392898946547,10.417479516191964,5126
validation,112,75.22434646898166,6.652360515021459,18.12329301599688,5126
validation,113,47.48341786968396,28.365197034724932,24.151385095591106,5126
validation,114,63.40226297307843,12.095200936402653,24.502536090518923,5126
validation,115,55.891533359344514,11.022239563012096,33.086227077643386,5126
validation,116,78.50175575497464,7.2571205618415915,14.241123683183767,5126
validation,117,69.09871244635193,14.884900507218104,16.016387046429966,5126
validation,118,70.89348419820523,6.262192742879439,22.844323058915332,5126
validation,119,84.86149044088958,6.730394069449863,8.408115489660554,5126
validation,120,77.29223566133437,3.0238002341006633,19.683964104564964,5126
validation,121,57.64728833398362,19.683964104564964,22.668747561451426,5126
validation,122,66.8357393679282,22.33710495513071,10.827155676941084,5126
validation,123,80.88177916504097,5.501365587202497,13.616855247756535,5126
validation,124,87.67069840031213,5.540382364416699,6.788919235271167,5126
validation,125,50.35115099492782,27.623878267655094,22.02497073741709,5126
validation,126,48.556379243074524,28.15060476004682,23.29301599687866,5126
validation,127,60.31993757315646,25.282871634802966,14.397190792040576,5126
validation,128,62.58291065158018,5.0916894264533745,32.325399921966444,5126
validation,129,78.63831447522435,4.311353882169334,17.05033164260632,5126
validation,130,64.8458837300039,22.883339836129537,12.270776433866562,5126
validation,131,68.5134607881389,9.98829496683574,21.49824424502536,5126
validation,132,60.35895435037067,12.875536480686694,26.765509168942646,5126
validation,133,87.28053062817011,3.238392508778775,9.481076863051111,5126
validation,134,54.64299648849005,24.970737417089346,20.386266094420602,5126
validation,135,65.41162699960982,8.622707764338667,25.9656652360515,5126
validation,136,79.98439328911432,11.685524775653532,8.330081935232151,5126
validation,137,76.62895044869293,7.179087007413187,16.191962543893872,5126
validation,138,55.13070620366758,15.450643776824036,29.41865001950839,5126
validation,139,67.20639875146313,14.8263753413968,17.96722590714007,5126
validation,140,61.626999609832225,10.319937573156457,28.053062817011316,5126
validation,141,29.340616465079982,46.76160749122123,23.89777604369879,5126
validation,142,57.92040577448303,10.222395630120952,31.85719859539602,5126
validation,143,72.51268045259461,9.2469761997659,18.240343347639485,5126
validation,144,65.95786188060866,18.630511119781506,15.411626999609831,5126
validation,145,38.7826765509169,8.369098712446352,52.84822473663675,5126
validation,146,79.7502926258291,3.687085446742099,16.562621927428793,5126
validation,147,61.54896605540382,10.124853687085448,28.32618025751073,5126
validation,148,69.58642216152946,21.147093250097544,9.266484588373,5126
validation,149,62.134217713616856,11.763558330081935,26.102223956301206,5126
validation,150,74.15138509559111,3.043308622707764,22.80530628170113,5126
validation,151,57.5887631681623,13.14865392118611,29.26258291065158,5126
validation,152,68.90362856028092,14.8458837300039,16.250487709715177,5126
validation,153,80.23800234100663,12.017167381974248,7.744830277019118,5126
validation,154,84.51033944596176,7.95942255169723,7.530238002341007,5126
validation,155,70.87397580959812,11.607491221225127,17.518532969176746,5126
validation,156,60.59305501365587,7.101053452984783,32.30589153335934,5126
validation,157,74.79516191962544,17.986734295747173,7.21810378462739,5126
validation,158,76.62895044869293,5.715957861880608,17.655091689426452,5126
validation,159,54.35037065938354,18.29886851346079,27.35076082715568,5126
validation,160,58.73975809598127,5.01365587202497,36.24658603199376,5126
validation,161,49.18064767850176,4.350370659383535,46.468981662114714,5126
validation,162,78.38470542333204,6.223175965665236,15.392118611002731,5126
validation,163,78.11158798283262,5.247756535310184,16.6406554818572,5126
validation,164,55.22824814670309,3.1798673429574715,41.59188451033945,5126
validation,165,61.100273117440494,10.768630511119781,28.131096371439718,5126
validation,166,43.386656262192744,35.544284042138116,21.069059695669136,5126
validation,167,69.93757315645728,12.992586812329302,17.06984003121342,5126
validation,168,84.29574717128365,7.530238002341007,8.174014826375341,5126
validation,169,78.56028092079595,7.8423722200546235,13.597346859149434,5126
validation,170,79.20405774483028,10.573546625048772,10.222395630120952,5126
validation,171,51.30706203667577,30.27701911822083,18.415918845103395,5126
validation,172,84.72493172063987,8.291065158017947,6.984003121342178,5126
validation,173,52.86773312524385,20.249707374170896,26.882559500585252,5126
validation,174,83.51541162699961,9.773702692157627,6.710885680842763,5126
validation,175,23.371049551307063,6.457276628950449,70.17167381974248,5126
validation,176,64.37768240343348,14.397190792040576,21.225126804525946,5126
validation,177,79.7893094030433,4.3698790479906355,15.840811548966055,5126
validation,178,86.96839641045649,6.340226297307843,6.691377292235662,5126
validation,179,79.20405774483028,12.251268045259462,8.54467420991026,5126
validation,180,75.77058134998049,16.07491221225127,8.15450643776824,5126
validation,181,48.53687085446742,22.532188841201716,28.93094030433086,5126
validation,182,57.3741708934842,13.304721030042918,29.321108076472886,5126
validation,183,77.7799453765119,9.539602028872416,12.680452594615685,5126
validation,184,88.11939133827545,0.9168942645337494,10.963714397190792,5126
validation,185,88.41201716738198,4.27233710495513,7.315645727662895,5126
validation,186,76.62895044869293,9.890753023800235,13.480296527506827,5126
validation,187,70.83495903238392,14.962934061646507,14.202106905969567,5126
validation,188,47.07374170893484,4.25282871634803,48.67342957471713,5126
validation,189,72.02497073741709,12.758486149044087,15.216543113538822,5126
validation,190,72.88333983612954,17.20639875146313,9.910261412407335,5126
validation,191,72.94186500195083,6.808427623878267,20.249707374170896,5126
validation,192,41.221225126804526,6.944986344127975,51.833788529067505,5126
validation,193,62.83651970347249,20.347249317206398,16.81623097932111,5126
validation,194,40.987124463519315,4.213811939133827,54.799063597346866,5126
validation,195,53.940694498634414,29.145532579008975,16.913772922356614,5126
validation,196,76.12173234490831,6.671868903628559,17.20639875146313,5126
validation,197,43.71829886851346,40.01170503316426,16.269996098322277,5126
validation,198,48.458837300039015,22.317596566523605,29.22356613343738,5126
validation,199,77.58486149044089,4.311353882169334,18.10378462738978,5126
validation,200,66.15294576667966,12.836519703472494,21.010534529847835,5126
validation,201,79.6722590714007,12.895044869293795,7.432696059305502,5126
validation,202,81.34998049161139,8.876316816230979,9.773702692157627,5126
validation,203,82.52048380803745,10.495513070620367,6.984003121342178,5126
validation,204,88.11939133827545,4.8770971517752635,7.003511509949279,5126
validation,205,63.48029652750683,17.55754974639095,18.962153726102223,5126
validation,206,75.84861490440889,7.978930940304331,16.172454155286772,5126
validation,207,68.78657822863832,7.569254779555208,23.644166991806475,5126
test,1,74.33697347893916,7.137285491419656,18.525741029641186,5128
test,2,82.99531981279252,6.727769110764431,10.276911076443056,5128
test,3,81.43525741029642,4.83619344773791,13.72854914196568,5128
test,4,39.84009360374415,42.10218408736349,18.057722308892355,5128
test,5,31.37675507020281,11.42745709828393,57.19578783151326,5128
test,6,26.911076443057723,51.014040561622465,22.074882995319815,5128
test,7,57.839313572542906,16.166146645865833,25.994539781591264,5128
test,8,84.53588143525741,5.440717628705148,10.02340093603744,5128
test,9,71.31435257410297,15.542121684867393,13.143525741029642,5128
test,10,62.558502340093604,6.103744149765991,31.337753510140402,5128
test,11,76.85257410296413,10.627925117004681,12.519500780031201,5128
test,12,82.8978159126365,4.017160686427458,13.085023400936038,5128
test,13,34.98439937597504,3.217628705148206,61.79797191887676,5128
test,14,70.3978159126365,12.948517940717629,16.653666146645865,5128
test,15,60.9204368174727,20.105304212168488,18.974258970358814,5128
test,16,31.084243369734786,14.723088923556944,54.192667706708264,5128
test,17,31.025741029641186,33.892355694227774,35.081903276131044,5128
test,18,64.48907956318253,16.439157566302654,19.07176287051482,5128
test,19,53.86115444617785,33.48283931357254,12.65600624024961,5128
test,20,65.48361934477379,14.079563182527302,20.436817472698905,5128
test,21,71.64586583463338,11.017940717628704,17.33619344773791,5128
test,22,66.36115444617785,21.37285491419657,12.265990639625585,5128
test,23,60.14040561622465,17.96021840873635,21.899375975039,5128
test,24,54.91419656786272,19.091263650546022,25.994539781591264,5128
test,25,71.996879875195,12.734009360374415,15.269110764430577,5128
test,26,37.5390015600624,26.735569422776912,35.725429017160685,5128
test,27,37.909516380655226,38.046021840873635,24.04446177847114,5128
test,28,84.24336973478938,5.713728549141965,10.042901716068643,5128
test,29,83.69734789391575,4.5241809672386895,11.778471138845553,5128
test,30,74.25897035881435,11.173946957878316,14.567082683307333,5128
test,31,66.12714508580343,20.514820592823714,13.358034321372855,5128
test,32,74.66848673946957,6.298751950078003,19.03276131045242,5128
test,33,68.42823712948518,14.85959438377535,16.712168486739472,5128
test,34,37.92901716068643,41.47815912636506,20.59282371294852,5128
test,35,74.35647425897037,9.282371294851794,16.361154446177846,5128
test,36,64.66458658346333,22.874414976599063,12.460998439937597,5128
test,37,76.09204368174727,9.048361934477379,14.85959438377535,5128
test,38,72.46489859594384,7.3712948517940715,20.16380655226209,5128
test,39,44.30577223088923,15.873634945397816,39.82059282371295,5128
test,40,69.22776911076443,14.157566302652105,16.614664586583462,5128
test,41,71.68486739469579,7.215288611544461,21.09984399375975,5128
test,42,58.11232449297972,9.964898595943836,31.922776911076443,5128
test,43,66.04914196567863,7.917316692667707,26.033541341653667,5128
test,44,59.69188767550702,7.410296411856475,32.89781591263651,5128
test,45,80.79173166926678,8.833853354134165,10.374414976599065,5128
test,46,82.17628705148205,7.663806552262091,10.15990639625585,5128
test,47,80.46021840873635,6.298751950078003,13.241029641185648,5128
test,48,51.34555382215289,12.18798751950078,36.46645865834633,5128
test,49,60.68642745709828,13.533541341653665,25.78003120124805,5128
test,50,57.93681747269891,22.835413416536664,19.22776911076443,5128
test,51,64.0990639625585,23.439937597503903,12.460998439937597,5128
test,52,22.757410296411855,44.24726989079563,32.99531981279251,5128
test,53,54.36817472698908,10.062402496099844,35.569422776911075,5128
test,54,52.847113884555384,33.073322932917314,14.079563182527302,5128
test,55,67.39469578783151,10.803432137285492,21.801872074882994,5128
test,56,81.63026521060843,5.986739469578783,12.382995319812792,5128
test,57,17.80421216848674,15.464118564742591,66.73166926677067,5128
test,58,72.23088923556942,7.137285491419656,20.63182527301092,5128
test,59,60.783931357254296,24.04446177847114,15.17160686427457,5128
test,60,76.26755070202809,11.739469578783151,11.992979719188767,5128
test,61,33.38533541341654,9.555382215288612,57.05928237129485,5128
test,62,51.462558502340094,15.542121684867393,32.99531981279251,5128
test,63,55.596723868954754,23.75195007800312,20.651326053042123,5128
test,64,35.35491419656786,11.23244929797192,53.41263650546022,5128
test,65,84.51638065522621,3.0226209048361934,12.460998439937597,5128
test,66,67.66770670826833,21.255850234009362,11.076443057722308,5128
test,67,83.15132605304211,3.1786271450858035,13.670046801872074,5128
test,68,81.70826833073322,5.811232449297972,12.480499219968799,5128
test,69,74.33697347893916,4.192667706708268,21.470358814352576,5128
test,70,58.52184087363494,10.881435257410295,30.596723868954754,5128
test,71,67.60920436817473,6.903276131045241,25.48751950078003,5128
test,72,73.73244929797191,7.390795631825273,18.876755070202808,5128
test,73,55.92823712948518,17.68720748829953,26.38455538221529,5128
test,74,46.31435257410296,9.98439937597504,43.701248049922,5128
test,75,75.37051482059283,2.8666146645865833,21.76287051482059,5128
test,76,52.76911076443058,17.45319812792512,29.777691107644305,5128
test,77,50.97503900156006,16.010140405616223,33.01482059282371,5128
test,78,33.52184087363494,33.092823712948515,33.38533541341654,5128
test,79,76.26755070202809,7.410296411856475,16.322152886115447,5128
test,80,83.17082683307332,3.9001560062402496,12.929017160686426,5128
test,81,64.54758190327613,20.378315132605305,15.074102964118566,5128
test,82,27.574102964118563,13.319032761310453,59.10686427457098,5128
test,83,27.96411856474259,7.410296411856475,64.62558502340093,5128
test,84,72.30889235569423,5.343213728549142,22.347893915756632,5128
test,85,62.578003120124805,13.650546021840873,23.77145085803432,5128
test,86,86.0569422776911,3.3541341653666144,10.588923556942277,5128
test,87,58.52184087363494,20.04680187207488,21.43135725429017,5128
test,88,56.63026521060842,17.082683307332296,26.287051482059283,5128
test,89,76.32605304212169,4.5241809672386895,19.149765990639626,5128
test,90,76.5600624024961,7.468798751950079,15.971138845553822,5128
test,91,83.48283931357254,5.14820592823713,11.368954758190327,5128
test,92,32.488299531981276,7.624804992199688,59.88689547581904,5128
test,93,83.50234009360375,4.095163806552262,12.402496099843994,5128
test,94,71.17784711388455,7.078783151326053,21.743369734789393,5128
test,95,72.26989079563182,5.070202808112325,22.65990639625585,5128
test,96,50.74102964118564,19.793291731669267,29.46567862714509,5128
test,97,70.98283931357254,2.3205928237129485,26.69656786271451,5128
test,98,72.95241809672387,4.914196567862715,22.133385335413415,5128
test,99,68.48673946957878,9.028861154446178,22.484399375975038,5128
test,100,86.0374414976599,3.9196567862714504,10.042901716068643,5128
test,101,55.148205928237125,13.57254290171607,31.279251170046802,5128
test,102,49.02496099843994,21.138845553822154,29.83619344773791,5128
test,103,66.40015600624025,7.956318252730108,25.643525741029645,5128
test,104,69.52028081123245,9.594383775351014,20.885335413416538,5128
test,105,76.22854914196567,7.975819032761311,15.79563182527301,5128
test,106,81.29875195007801,1.9305772230889238,16.770670826833072,5128
test,107,79.29017160686428,3.159126365054602,17.550702028081123,5128
test,108,86.23244929797191,3.6856474258970358,10.081903276131046,5128
test,109,86.56396255850234,2.3790951638065523,11.056942277691109,5128
test,110,63.45553822152886,15.17160686427457,21.37285491419657,5128
test,111,76.4625585023401,11.310452418096723,12.226989079563182,5128
test,112,69.89079563182527,6.4742589703588145,23.634945397815912,5128
test,113,39.0015600624025,30.733229329173167,30.265210608424336,5128
test,114,61.25195007800313,12.929017160686426,25.81903276131045,5128
test,115,74.80499219968799,12.714508580343214,12.480499219968799,5128
test,116,76.13104524180967,6.084243369734789,17.784711388455538,5128
test,117,68.97425897035882,15.191107644305774,15.834633385335414,5128
test,118,70.57332293291732,5.908736349453978,23.517940717628704,5128
test,119,81.76677067082684,6.4742589703588145,11.758970358814352,5128
test,120,73.6544461778471,3.2371294851794072,23.108424336973478,5128
test,121,51.28705148205929,16.55616224648986,32.15678627145086,5128
test,122,58.36583463338534,22.094383775351016,19.53978159126365,5128
test,123,77.96411856474259,5.674726989079564,16.361154446177846,5128
test,124,81.43525741029642,8.13182527301092,10.432917316692668,5128
test,125,44.968798751950075,26.969578783151327,28.061622464898594,5128
test,126,60.8424336973479,13.904056162246489,25.253510140405616,5128
test,127,51.6185647425897,30.733229329173167,17.64820592823713,5128
test,128,61.09594383775351,5.14820592823713,33.75585023400936,5128
test,129,73.75195007800312,6.591263650546021,19.65678627145086,5128
test,130,61.11544461778471,21.567862714508582,17.31669266770671,5128
test,131,62.5195007800312,7.956318252730108,29.52418096723869,5128
test,132,56.220748829953195,12.480499219968799,31.298751950078003,5128
test,133,83.38533541341654,2.983619344773791,13.631045241809673,5128
test,134,46.02184087363494,29.446177847113887,24.53198127925117,5128
test,135,57.41029641185648,8.541341653666148,34.04836193447738,5128
test,136,77.94461778471138,10.588923556942277,11.466458658346333,5128
test,137,69.94929797191888,8.385335413416536,21.665366614664585,5128
test,138,52.203588143525735,15.054602184087361,32.74180967238689,5128
test,139,51.81357254290172,12.578003120124807,35.60842433697348,5128
test,140,50.292511700468026,10.764430577223088,38.94305772230889,5128
test,141,28.588143525741028,47.32839313572543,24.08346333853354,5128
test,142,50.078003120124805,11.173946957878316,38.74804992199688,5128
test,143,66.86817472698908,8.619344773790951,24.51248049921997,5128
test,144,67.68720748829952,16.55616224648986,15.756630265210608,5128
test,145,34.69188767550702,10.393915756630264,54.91419656786272,5128
test,146,76.6965678627145,3.43213728549142,19.871294851794072,5128
test,147,56.57176287051482,10.705928237129484,32.72230889235569,5128
test,148,65.6201248049922,18.11622464898596,16.26365054602184,5128
test,149,52.98361934477379,13.163026521060841,33.853354134165365,5128
test,150,71.04134165366615,2.4570982839313573,26.501560062402497,5128
test,151,51.09204368174727,13.377535101404057,35.53042121684867,5128
test,152,69.71528861154445,14.235569422776912,16.049141965678626,5128
test,153,78.27613104524181,11.056942277691109,10.666926677067083,5128
test,154,81.14274570982839,8.560842433697347,10.29641185647426,5128
test,155,64.1380655226209,15.581123244929799,20.2808112324493,5128
test,156,57.87831513260531,7.761310452418097,34.3603744149766,5128
test,157,72.38689547581903,16.86817472698908,10.744929797191888,5128
test,158,73.16692667706708,6.279251170046801,20.553822152886113,5128
test,159,54.05616224648986,14.703588143525742,31.2402496099844,5128
test,160,55.69422776911076,6.045241809672387,38.26053042121685,5128
test,161,36.329953198127924,3.6466458658346337,60.02340093603744,5128
test,162,64.78159126365055,5.967238689547582,29.25117004680187,5128
test,163,76.13104524180967,5.0507020280811235,18.818252730109204,5128
test,164,50.838533541341654,2.847113884555382,46.31435257410296,5128
test,165,58.13182527301092,11.680967238689547,30.187207488299535,5128
test,166,34.26287051482059,39.138065522620906,26.5990639625585,5128
test,167,56.240249609984396,12.695007800312014,31.064742589703588,5128
test,168,83.17082683307332,5.77223088923557,11.056942277691109,5128
test,169,74.49297971918877,8.092823712948517,17.414196567862714,5128
test,170,73.69344773790951,12.441497659906396,13.865054602184088,5128
test,171,41.24414976599064,31.435257410296412,27.320592823712946,5128
test,172,82.58580343213728,7.410296411856475,10.00390015600624,5128
test,173,48.28393135725429,21.314352574102966,30.40171606864275,5128
test,174,80.79173166926678,9.282371294851794,9.925897035881436,5128
test,175,41.94617784711389,18.701248049921997,39.35257410296412,5128
test,176,57.000780031201245,20.14430577223089,22.85491419656786,5128
test,177,74.74648985959438,5.30421216848674,19.949297971918877,5128
test,178,82.9368174726989,7.039781591263651,10.02340093603744,5128
test,179,77.16458658346333,11.817472698907956,11.017940717628704,5128
test,180,74.21996879875195,15.132605304212168,10.64742589703588,5128
test,181,44.032761310452415,24.35647425897036,31.61076443057722,5128
test,182,55.499219968798755,12.5,32.000780031201245,5128
test,183,74.64898595943838,10.00390015600624,15.347113884555382,5128
test,184,87.22698907956318,1.40405616224649,11.368954758190327,5128
test,185,86.23244929797191,3.6856474258970358,10.081903276131046,5128
test,186,77.67160686427457,9.165366614664586,13.163026521060841,5128
test,187,70.14430577223088,13.241029641185648,16.614664586583462,5128
test,188,39.430577223088925,4.972698907956318,55.596723868954754,5128
test,189,66.41965678627145,16.029641185647424,17.550702028081123,5128
test,190,64.84009360374415,17.570202808112327,17.589703588143525,5128
test,191,70.55382215288611,7.273790951638065,22.172386895475817,5128
test,192,33.20982839313572,6.532761310452419,60.25741029641186,5128
test,193,58.85335413416537,21.801872074882994,19.34477379095164,5128
test,194,33.36583463338533,3.627145085803432,63.00702028081123,5128
test,195,49.37597503900156,29.93369734789392,20.690327613104525,5128
test,196,71.8408736349454,8.034321372854915,20.12480499219969,5128
test,197,38.88455538221529,30.928237129485183,30.187207488299535,5128
test,198,43.40873634945398,21.97737909516381,34.613884555382214,5128
test,199,74.8244929797192,4.894695787831513,20.2808112324493,5128
test,200,67.04368174726989,11.87597503900156,21.08034321372855,5128
test,201,76.32605304212169,13.046021840873633,10.627925117004681,5128
test,202,79.93369734789391,8.268330733229329,11.797971918876755,5128
test,203,79.19266770670826,10.822932917316692,9.98439937597504,5128
test,204,84.90639625585024,4.582683307332293,10.510920436817472,5128
test,205,52.49609984399376,22.932917316692667,24.570982839313572,5128
test,206,75.15600624024961,8.599843993759752,16.244149765990638,5128
test,207,65.36661466458659,8.853354134165366,25.78003120124805,5128
