sensor_index,reference_speed
1,67.666664
2,67.0
3,68.77778
4,60.625
5,66.25
6,64.25
7,66.125
8,65.875
9,66.0
10,68.25
11,64.375
12,65.5
13,65.57143
14,68.5
15,64.25
16,66.5
17,36.22222
18,63.444443
19,61.333332
20,64.77778
21,69.0
22,65.375
23,53.75
24,63.77778
25,67.875
26,67.25
27,63.118057
28,64.0
29,69.5
30,48.5
31,63.625
32,68.111115
33,68.5
34,66.85714
35,68.44444
36,66.0
37,68.77778
38,68.375
39,64.44444
40,62.5
41,67.75
42,64.875
43,68.0
44,65.0
45,69.0
46,68.85714
47,63.875
48,64.44444
49,59.375
50,65.875
51,64.125
52,60.88889
53,68.666664
54,60.875
55,64.666664
56,63.11111
57,48.11111
58,61.25
59,65.44444
60,64.333336
61,64.375
62,67.75
63,67.5
64,67.111115
65,67.22222
66,66.75
67,67.55556
68,69.333336
69,68.666664
70,67.75
71,65.22222
72,65.125
73,66.125
74,64.375
75,68.875
76,55.22222
77,60.333332
78,67.375
79,69.125
80,68.666664
81,68.28571
82,63.375
83,67.0
84,66.625
85,60.22222
86,68.44444
87,66.875
88,68.25
89,67.22222
90,68.22222
91,69.0
92,53.75
93,69.0
94,66.625
95,65.375
96,65.333336
97,69.75
98,68.75
99,61.625
100,68.77778
101,65.25
102,65.888885
103,62.75
104,67.0
105,67.0
106,69.25
107,67.77778
108,69.375
109,69.5
110,62.444443
111,68.333336
112,68.625
113,65.625
114,65.42857
115,68.5
116,67.5
117,67.375
118,68.0
119,68.625
120,68.22222
121,67.125
122,65.0
123,68.55556
124,69.25
125,65.25
126,61.0
127,64.71429
128,69.111115
129,67.625
130,65.625
131,65.625
132,64.125
133,68.875
134,65.0
135,67.77778
136,66.0
137,67.75
138,63.875
139,68.111115
140,66.0
141,66.77778
142,68.25
143,65.44444
144,64.111115
145,59.0
146,69.375
147,65.77778
148,65.77778
149,67.75
150,69.44444
151,65.875
152,62.0
153,64.5
154,65.875
155,62.444443
156,65.666664
157,59.444443
158,66.375
159,65.28571
160,67.5
161,67.75
162,68.375
163,68.666664
164,69.55556
165,65.375
166,62.25
167,70.0
168,68.666664
169,68.44444
170,68.44444
171,64.5
172,68.44444
173,64.625
174,68.125
175,65.666664
176,68.55556
177,69.375
178,64.55556
179,67.55556
180,59.714287
181,65.0
182,65.44444
183,68.333336
184,69.125
185,66.375
186,67.25
187,67.375
188,65.875
189,68.0
190,66.375
191,66.875
192,66.77778
193,65.75
194,65.25
195,63.375
196,68.888885
197,37.25
198,48.75
199,69.0
200,65.44444
201,67.22222
202,68.875
203,65.55556
204,69.0
205,65.55556
206,68.44444
207,64.0
