true_class,predicted_class,count,fraction_of_dataset,mean_confidence,median_confidence,correct
LOW,LOW,409933,0.3861842154845614,0.5948951809492817,0.5919224619865417,True
LOW,MODERATE,143559,0.13524214881638744,0.5308022594979448,0.5152745246887207,False
LOW,SEVERE,118887,0.11199947997919917,0.5224444691646055,0.500835657119751,False
MODERATE,LOW,30929,0.029137179979952823,0.5386158856651346,0.5267288684844971,False
MODERATE,MODERATE,78690,0.07413122611860996,0.6029321304102655,0.6098956167697906,True
MODERATE,SEVERE,28054,0.02642873830895265,0.5331490965881563,0.5114690065383911,False
SEVERE,LOW,24993,0.023545072237672115,0.5189576325167873,0.5015922784805298,False
SEVERE,MODERATE,21598,0.020346755899221476,0.5227565116251008,0.4832313656806946,False
SEVERE,SEVERE,204853,0.19298518317544297,0.7749328729614079,0.7933992743492126,True
