sensor_index,accuracy,error_rate,severe_recall,sample_count
0,0.8763650546021841,0.12363494539781594,0.9294736842105263,5128
1,0.8763650546021841,0.12363494539781594,0.8766603415559773,5128
2,0.8547191887675507,0.1452808112324493,0.9048295454545454,5128
3,0.6468408736349454,0.35315912636505464,0.7019438444924406,5128
4,0.7728159126365055,0.2271840873634945,0.951926355267644,5128
5,0.6216848673946958,0.37831513260530425,0.6369257950530035,5128
6,0.6290951638065523,0.3709048361934477,0.8019504876219055,5128
7,0.6913026521060842,0.3086973478939158,0.9182879377431906,5128
8,0.5563572542901716,0.4436427457098284,0.7937685459940653,5128
9,0.6458658346333853,0.3541341653666147,0.8780336029869322,5128
10,0.4095163806552262,0.5904836193447738,0.7554517133956387,5128
11,0.7273790951638065,0.2726209048361935,0.797317436661699,5128
12,0.8196177847113885,0.18038221528861154,0.9693909750710004,5128
13,0.4750390015600624,0.5249609984399376,0.8536299765807962,5128
14,0.40522620904836193,0.5947737909516381,0.8180883864337102,5128
15,0.7047581903276131,0.2952418096723869,0.9636559913638,5128
16,0.6380655226209049,0.3619344773790951,0.5425236242356865,5128
17,0.4506630265210608,0.5493369734789392,0.8047034764826176,5128
18,0.4836193447737909,0.5163806552262091,0.736517719568567,5128
19,0.6339703588143526,0.3660296411856474,0.8854961832061069,5128
20,0.5370514820592823,0.4629485179407177,0.641169853768279,5128
21,0.39742589703588144,0.6025741029641185,0.7519872813990461,5128
22,0.4668486739469579,0.533151326053042,0.736420302760463,5128
23,0.5838533541341654,0.4161466458658346,0.8034508627156789,5128
24,0.5095553822152886,0.4904446177847114,0.9169859514687101,5128
25,0.5822932917316692,0.4177067082683308,0.6735807860262009,5128
26,0.6000390015600624,0.3999609984399376,0.7883211678832117,5128
27,0.7782761310452418,0.22172386895475815,0.9087378640776699,5128
28,0.7617004680187207,0.2382995319812793,0.8973509933774835,5128
29,0.4970748829953198,0.5029251170046802,0.8112449799196787,5128
30,0.4748439937597504,0.5251560062402496,0.7445255474452555,5128
31,0.6370904836193447,0.3629095163806553,0.5840163934426229,5128
32,0.6462558502340093,0.35374414976599067,0.721120186697783,5128
33,0.6103744149765991,0.38962558502340094,0.5047348484848485,5128
34,0.610179407176287,0.38982059282371295,0.902264600715137,5128
35,0.5376365054602185,0.46236349453978154,0.7433489827856025,5128
36,0.6304602184087363,0.36953978159126366,0.9225721784776902,5128
37,0.6944227769110765,0.30557722308892354,0.9390715667311412,5128
38,0.6269500780031201,0.3730499219968799,0.8623898139079333,5128
39,0.5546021840873635,0.4453978159126365,0.9448356807511737,5128
40,0.5906786271450858,0.4093213728549142,0.8807763401109058,5128
41,0.671606864274571,0.32839313572542905,0.8845448992058644,5128
42,0.656591263650546,0.343408736349454,0.9273408239700375,5128
43,0.7080733229329174,0.29192667706708264,0.8950800237107291,5128
44,0.7386895475819033,0.2613104524180967,0.9116541353383458,5128
45,0.7209438377535101,0.2790561622464899,0.9213051823416507,5128
46,0.671801872074883,0.32819812792511704,0.759941089837997,5128
47,0.718798751950078,0.28120124804992197,0.8647058823529412,5128
48,0.5339313572542902,0.4660686427457098,0.7866868381240545,5128
49,0.5528471138845554,0.44715288611544457,0.6987829614604463,5128
50,0.421606864274571,0.578393135725429,0.758998435054773,5128
51,0.5731279251170047,0.4268720748829953,0.4645390070921986,5128
52,0.6817472698907956,0.3182527301092044,0.8404605263157895,5128
53,0.4949297971918877,0.5050702028081123,0.7950138504155124,5128
54,0.6056942277691107,0.39430577223088925,0.8810375670840788,5128
55,0.5335413416536662,0.4664586583463338,0.8393700787401575,5128
56,0.44403276131045244,0.5559672386895476,0.43717124488603154,5128
57,0.532371294851794,0.467628705148206,0.9168241965973535,5128
58,0.515210608424337,0.48478939157566303,0.7442159383033419,5128
59,0.4875195007800312,0.5124804992199687,0.8536585365853658,5128
60,0.5499219968798752,0.4500780031201248,0.5464798359535201,5128
61,0.6480109204368175,0.3519890795631825,0.8108747044917257,5128
62,0.5087753510140406,0.4912246489859594,0.6770538243626062,5128
63,0.5274960998439937,0.4725039001560063,0.5275648046732384,5128
64,0.6901326053042122,0.30986739469578783,0.9154929577464789,5128
65,0.5017550702028081,0.4982449297971919,0.8679577464788732,5128
66,0.6768720748829953,0.3231279251170047,0.7574893009985735,5128
67,0.7074882995319812,0.2925117004680188,0.934375,5128
68,0.7008580343213728,0.29914196567862716,0.8201634877384196,5128
69,0.765795631825273,0.234204368174727,0.8546845124282982,5128
70,0.6218798751950078,0.37812012480499224,0.6740627390971691,5128
71,0.4549531981279251,0.5450468018720749,0.6725206611570248,5128
72,0.6029641185647426,0.39703588143525737,0.8869179600886918,5128
73,0.7929017160686428,0.2070982839313572,0.8643462739848282,5128
74,0.6766770670826833,0.32332293291731673,0.9354838709677419,5128
75,0.6614664586583463,0.3385335413416537,0.8650949574328749,5128
76,0.6994929797191888,0.3005070202808112,0.8422917897223863,5128
77,0.5325663026521061,0.46743369734789386,0.5735981308411215,5128
78,0.6505460218408736,0.3494539781591264,0.8458781362007168,5128
79,0.6796021840873635,0.3203978159126365,0.942684766214178,5128
80,0.5569422776911076,0.4430577223088924,0.906856403622251,5128
81,0.5994539781591264,0.4005460218408736,0.5641702408446058,5128
82,0.5893135725429017,0.41068642745709827,0.5458660229330115,5128
83,0.625195007800312,0.374804992199688,0.7879581151832461,5128
84,0.6004290171606864,0.3995709828393136,0.7768662838392125,5128
85,0.5908736349453978,0.4091263650546022,0.9558011049723757,5128
86,0.6382605304212169,0.3617394695787831,0.8680618744313012,5128
87,0.6840873634945398,0.3159126365054602,0.8612759643916914,5128
88,0.6667316692667706,0.33326833073322937,0.7871690427698574,5128
89,0.718798751950078,0.28120124804992197,0.9536019536019537,5128
90,0.6513260530421217,0.34867394695787834,0.9485420240137221,5128
91,0.6714118564742589,0.32858814352574106,0.7333116248778899,5128
92,0.6343603744149766,0.3656396255850234,0.8632075471698113,5128
93,0.6952028081123245,0.3047971918876755,0.9497757847533632,5128
94,0.7287441497659907,0.27125585023400933,0.9604130808950087,5128
95,0.6881825273010921,0.3118174726989079,0.798808735936466,5128
96,0.6946177847113885,0.30538221528861154,0.8400292184075968,5128
97,0.7285491419656787,0.27145085803432134,0.9577092511013215,5128
98,0.6523010920436817,0.3476989079563183,0.8421509106678231,5128
99,0.6171996879875195,0.38280031201248055,0.9553398058252427,5128
100,0.7297191887675507,0.2702808112324493,0.8298004987531172,5128
101,0.7051482059282371,0.2948517940717629,0.7790849673202614,5128
102,0.6386505460218409,0.3613494539781591,0.7361216730038023,5128
103,0.6780421216848674,0.32195787831513256,0.8562091503267973,5128
104,0.6700468018720749,0.3299531981279251,0.9432098765432099,5128
105,0.6606864274570983,0.33931357254290173,0.7511627906976744,5128
106,0.6848673946957878,0.31513260530421217,0.7044444444444444,5128
107,0.6983229329173167,0.30167706708268327,0.9400386847195358,5128
108,0.7041731669266771,0.2958268330733229,0.9576719576719577,5128
109,0.6049141965678627,0.3950858034321373,0.718065693430657,5128
110,0.6542511700468019,0.3457488299531981,0.9457735247208932,5128
111,0.7061232449297972,0.29387675507020283,0.9092409240924092,5128
112,0.7117784711388455,0.2882215288611545,0.7680412371134021,5128
113,0.6491809672386896,0.35081903276131043,0.8942598187311178,5128
114,0.7041731669266771,0.2958268330733229,0.9234375,5128
115,0.7630655226209049,0.23693447737909512,0.9462719298245614,5128
116,0.7433697347893916,0.2566302652106084,0.9482758620689655,5128
117,0.7788611544461779,0.22113884555382213,0.8880597014925373,5128
118,0.7295241809672387,0.2704758190327613,0.9253731343283582,5128
119,0.7862714508580343,0.2137285491419657,0.9113924050632911,5128
120,0.656396255850234,0.343603744149766,0.7416616130988478,5128
121,0.577808112324493,0.42219188767550697,0.7584830339321357,5128
122,0.750390015600624,0.24960998439937598,0.8557806912991657,5128
123,0.8648595943837754,0.13514040561622465,0.8934579439252337,5128
124,0.6062792511700468,0.3937207488299532,0.812369701181376,5128
125,0.4962948517940718,0.5037051482059283,0.7814671814671814,5128
126,0.4498829953198128,0.5501170046801872,0.5668508287292817,5128
127,0.6987129485179407,0.30128705148205925,0.80473714615829,5128
128,0.6372854914196567,0.36271450858034326,0.9662698412698413,5128
129,0.6053042121684867,0.39469578783151327,0.7443693693693694,5128
130,0.7041731669266771,0.2958268330733229,0.8791281373844122,5128
131,0.7172386895475819,0.28276131045241815,0.8504672897196262,5128
132,0.7061232449297972,0.29387675507020283,0.8369098712446352,5128
133,0.6778471138845554,0.32215288611544457,0.8434022257551669,5128
134,0.7076833073322933,0.29231669266770666,0.8247422680412371,5128
135,0.5885335413416537,0.4114664586583463,0.9183673469387755,5128
136,0.6302652106084243,0.36973478939157567,0.9027902790279028,5128
137,0.6872074882995319,0.31279251170046807,0.8636092912447886,5128
138,0.5325663026521061,0.46743369734789386,0.696604600219058,5128
139,0.6593213728549142,0.3406786271450858,0.800200300450676,5128
140,0.5824882995319812,0.4175117004680188,0.8769230769230769,5128
141,0.7148985959438378,0.28510140405616224,0.8746854554604933,5128
142,0.6735569422776911,0.32644305772230886,0.8926014319809069,5128
143,0.6501560062402496,0.3498439937597504,0.8923267326732673,5128
144,0.7246489859594384,0.2753510140405616,0.9069602272727273,5128
145,0.717628705148206,0.282371294851794,0.9440628066732091,5128
146,0.7055382215288611,0.29446177847113886,0.9106078665077473,5128
147,0.5625975039001561,0.43740249609984394,0.7829736211031175,5128
148,0.6792121684867395,0.3207878315132605,0.875,5128
149,0.6470358814352574,0.35296411856474263,0.9632082413539367,5128
150,0.6727769110764431,0.3272230889235569,0.8841931942919868,5128
151,0.5744929797191888,0.4255070202808112,0.7812879708383961,5128
152,0.6191497659906396,0.38085023400936036,0.926873857404022,5128
153,0.5863884555382215,0.4136115444617785,0.9507575757575758,5128
154,0.625780031201248,0.37421996879875197,0.9548076923076924,5128
155,0.641575663026521,0.358424336973479,0.7905788876276958,5128
156,0.5136505460218409,0.4863494539781591,0.9237749546279492,5128
157,0.6382605304212169,0.3617394695787831,0.9392789373814042,5128
158,0.6015990639625585,0.39840093603744153,0.865792759051186,5128
159,0.6942277691107644,0.30577223088923555,0.8776758409785933,5128
160,0.7267940717628705,0.2732059282371295,0.7573099415204678,5128
161,0.6491809672386896,0.35081903276131043,0.714,5128
162,0.6801872074882995,0.31981279251170047,0.9512953367875647,5128
163,0.7521450858034321,0.2478549141965679,0.8117894736842105,5128
164,0.7049531981279251,0.2950468018720749,0.9373385012919897,5128
165,0.6614664586583463,0.3385335413416537,0.6957478005865103,5128
166,0.5955538221528861,0.4044461778471139,0.5963590709353421,5128
167,0.6308502340093604,0.36914976599063964,0.9241622574955908,5128
168,0.6916926677067082,0.30830733229329177,0.9529675251959686,5128
169,0.641185647425897,0.358814352574103,0.9451476793248945,5128
170,0.6509360374414976,0.34906396255850236,0.5146324054246967,5128
171,0.5664976599063962,0.4335023400936038,0.9434697855750487,5128
172,0.6874024960998439,0.31259750390015606,0.8396407953816549,5128
173,0.5897035881435257,0.41029641185647425,0.9489194499017681,5128
174,0.7139235569422777,0.2860764430577223,0.8865213082259663,5128
175,0.6197347893915757,0.38026521060842433,0.9249146757679181,5128
176,0.6913026521060842,0.3086973478939158,0.7360703812316716,5128
177,0.8322932917316692,0.16770670826833078,0.8988326848249028,5128
178,0.8644695787831513,0.13553042121684866,0.8212389380530973,5128
179,0.7308892355694228,0.26911076443057724,0.8553113553113553,5128
180,0.5678627145085804,0.4321372854914196,0.6477483035163479,5128
181,0.6725819032761311,0.3274180967238689,0.6447288238878732,5128
182,0.8102574102964119,0.18974258970358815,0.9123252858958069,5128
183,0.8445787831513261,0.15542121684867394,0.8113207547169812,5128
184,0.8256630265210608,0.17433697347893917,0.874274661508704,5128
185,0.6989079563182528,0.30109204368174725,0.7896296296296297,5128
186,0.719188767550702,0.28081123244929795,0.9448356807511737,5128
187,0.7683307332293292,0.2316692667706708,0.9449316029463346,5128
188,0.6394305772230889,0.36056942277691106,0.9111111111111111,5128
189,0.6836973478939158,0.3163026521060842,0.7982261640798226,5128
190,0.734009360374415,0.265990639625585,0.9199648197009674,5128
191,0.7827613104524181,0.21723868954758185,0.9766990291262136,5128
192,0.5417316692667706,0.45826833073322937,0.8931451612903226,5128
193,0.7369344773790951,0.2630655226209049,0.975239863819251,5128
194,0.5177457098283932,0.4822542901716068,0.7898209236569275,5128
195,0.65698127925117,0.34301872074883,0.8934108527131783,5128
196,0.5585023400936038,0.4414976599063962,0.5012919896640827,5128
197,0.5680577223088924,0.4319422776911076,0.8749295774647887,5128
198,0.8568642745709828,0.1431357254290172,0.9548076923076924,5128
199,0.7979719188767551,0.20202808112324488,0.9361702127659575,5128
200,0.8705148205928237,0.1294851794071763,0.8623853211009175,5128
201,0.8691497659906396,0.13085023400936036,0.7900826446280992,5128
202,0.8418486739469578,0.15815132605304216,0.931640625,5128
203,0.8726599063962559,0.1273400936037441,0.8664192949907236,5128
204,0.6604914196567863,0.33950858034321374,0.6904761904761905,5128
205,0.7942667706708268,0.20573322932917315,0.8943577430972389,5128
206,0.6879875195007801,0.3120124804992199,0.8532526475037822,5128
