sensor_index,mae
1,3.2543461
2,2.6456823
3,2.86931
4,3.70901
5,5.2940674
6,4.7397256
7,3.7575912
8,2.7274313
9,3.9780018
10,3.878678
11,2.7915921
12,3.319179
13,4.343045
14,3.5637193
15,5.2173486
16,5.1312466
17,2.033976
18,3.9234378
19,3.4306862
20,3.4300542
21,3.4606342
22,3.33264
23,3.2471218
24,5.403085
25,3.4177098
26,6.2249527
27,5.008789
28,2.7069938
29,2.8082213
30,2.7993953
31,5.613545
32,3.6357148
33,4.285544
34,3.747452
35,3.5077279
36,3.4385855
37,4.423157
38,3.1529615
39,6.7176766
40,3.3548434
41,3.4658737
42,3.9376369
43,4.147928
44,4.1750064
45,2.5128815
46,2.7668743
47,3.3613868
48,5.1471043
49,4.0698676
50,4.0026126
51,3.496908
52,6.179983
53,4.9566298
54,4.384299
55,3.631853
56,2.9997091
57,3.9233565
58,2.897002
59,4.357769
60,3.0838916
61,4.110555
62,5.7982354
63,6.9378567
64,4.5858965
65,2.9200563
66,4.117906
67,3.2318163
68,3.3355122
69,3.259229
70,5.004499
71,2.9448879
72,2.767342
73,5.195096
74,4.955426
75,2.7966948
76,4.345573
77,5.175061
78,5.4306946
79,3.335448
80,2.8727677
81,4.093732
82,4.0739737
83,3.7443867
84,3.9271014
85,3.96002
86,2.6101055
87,4.6009426
88,4.9271727
89,3.0852869
90,2.9591918
91,2.9400082
92,3.5873487
93,2.785047
94,3.2503855
95,3.001855
96,4.5484543
97,5.1999187
98,3.374214
99,3.4274387
100,2.3427203
101,5.4192924
102,4.112989
103,3.5129364
104,3.8412263
105,3.4351244
106,2.9908347
107,3.6454089
108,2.4536045
109,2.8996756
110,3.4504862
111,3.0804706
112,3.8307798
113,4.537978
114,5.015026
115,3.0622993
116,3.2693484
117,4.042616
118,3.4315853
119,3.0621362
120,2.9154124
121,5.1492815
122,4.0021334
123,3.2817032
124,2.566617
125,4.9904165
126,5.1086087
127,5.0545607
128,6.3355613
129,3.4116025
130,3.4798162
131,4.453994
132,4.3502007
133,2.7186654
134,4.359556
135,4.1915894
136,3.414518
137,3.1630914
138,5.1129184
139,3.4004378
140,5.3094015
141,6.30529
142,4.8017926
143,3.7680504
144,3.7617693
145,4.110695
146,3.1260715
147,4.5209694
148,3.2384534
149,5.571833
150,3.4485915
151,5.1961627
152,3.7429836
153,2.9569173
154,3.1116354
155,3.4064603
156,5.0252366
157,2.9320526
158,3.7284462
159,4.7082553
160,5.5632977
161,4.681295
162,3.015265
163,3.290152
164,5.4580154
165,4.7256494
166,6.1797905
167,4.0274773
168,2.6203449
169,3.1951277
170,3.3404176
171,4.654079
172,2.6741104
173,5.630763
174,2.5946045
175,5.469989
176,4.396203
177,3.437046
178,2.7402463
179,2.9676123
180,3.1525118
181,4.7838974
182,4.0283885
183,3.5221224
184,2.689073
185,2.8186178
186,3.391724
187,3.8678002
188,5.21264
189,3.8754148
190,3.2680008
191,4.862577
192,5.6335015
193,3.8424313
194,4.9304814
195,5.287937
196,4.3027067
197,2.3726494
198,3.6757035
199,3.3774247
200,3.9234483
201,3.106301
202,2.859547
203,3.0358605
204,2.4704542
205,3.4861472
206,4.6543155
207,4.3221245
