feature,mean_abs_shap
low_speed_fraction,0.49918744
sensor_index,0.17108732
current_speed_mean,0.093367636
hour_cos,0.07106055
recent_speed_std,0.06510578
current_speed_std,0.04913721
long_term_speed_change,0.04488748
speed_change_std,0.042712126
recent_speed_mean,0.037717693
moderate_speed_fraction,0.036453832
previous_speed_mean,0.028281596
sequence_speed_mean,0.024933016
sequence_speed_std,0.020315384
hour,0.014600661
hour_sin,0.013148114
speed_change_mean,0.011569658
high_speed_fraction,0.0077276933
day_of_week,0.0075672274
day_sin,0.006982261
near_zero_fraction,0.005779689
day_cos,0.0020341864
current_speed_min,0.0020247586
previous_speed_std,0.0016691128
current_speed_max,0.001061468
is_weekend,8.761148e-06
