feature,mean_abs_shap,class
high_speed_fraction,0.37603012,LOW
sensor_index,0.20976582,LOW
current_speed_mean,0.079176255,LOW
recent_speed_std,0.058099207,LOW
hour,0.045115784,LOW
moderate_speed_fraction,0.033665437,LOW
recent_speed_mean,0.03083154,LOW
sequence_speed_std,0.028088978,LOW
hour_sin,0.024054212,LOW
long_term_speed_change,0.020788029,LOW
current_speed_max,0.016448986,LOW
hour_cos,0.013277266,LOW
low_speed_fraction,0.010057918,LOW
previous_speed_mean,0.0075757997,LOW
day_of_week,0.0071234764,LOW
sequence_speed_mean,0.006508522,LOW
near_zero_fraction,0.00490578,LOW
day_sin,0.0040731723,LOW
speed_change_std,0.0038547295,LOW
previous_speed_std,0.0027984558,LOW
current_speed_std,0.002617308,LOW
speed_change_mean,0.0015053402,LOW
day_cos,0.0007816042,LOW
current_speed_min,0.00010661906,LOW
is_weekend,7.57203e-05,LOW
