class_id,class,feature,mean_abs_shap
0,LOW,current_speed_mean,0.07917625457048416
0,LOW,current_speed_std,0.0026173079386353493
0,LOW,current_speed_min,0.00010661905980668962
0,LOW,current_speed_max,0.016448985785245895
0,LOW,previous_speed_mean,0.007575799711048603
0,LOW,previous_speed_std,0.0027984557673335075
0,LOW,speed_change_mean,0.0015053402166813612
0,LOW,speed_change_std,0.0038547294680029154
0,LOW,long_term_speed_change,0.020788028836250305
0,LOW,sequence_speed_mean,0.00650852220132947
0,LOW,sequence_speed_std,0.028088977560400963
0,LOW,recent_speed_mean,0.030831540003418922
0,LOW,recent_speed_std,0.058099206537008286
0,LOW,near_zero_fraction,0.004905779846012592
0,LOW,low_speed_fraction,0.010057917796075344
0,LOW,moderate_speed_fraction,0.03366543725132942
0,LOW,high_speed_fraction,0.3760301172733307
0,LOW,hour,0.04511578381061554
0,LOW,hour_sin,0.024054212495684624
0,LOW,hour_cos,0.013277266174554825
0,LOW,day_of_week,0.007123476359993219
0,LOW,day_sin,0.004073172342032194
0,LOW,day_cos,0.0007816042052581906
0,LOW,is_weekend,7.572030153824016e-05
0,LOW,sensor_index,0.20976582169532776
1,MODERATE,current_speed_mean,0.025722531601786613
1,MODERATE,current_speed_std,0.025806743651628494
1,MODERATE,current_speed_min,8.714597788639367e-05
1,MODERATE,current_speed_max,0.023760881274938583
1,MODERATE,previous_speed_mean,0.016216864809393883
1,MODERATE,previous_speed_std,0.007303599733859301
1,MODERATE,speed_change_mean,0.0024569269735366106
1,MODERATE,speed_change_std,0.003477832768112421
1,MODERATE,long_term_speed_change,0.004134264308959246
1,MODERATE,sequence_speed_mean,0.004502559546381235
1,MODERATE,sequence_speed_std,0.02571854554116726
1,MODERATE,recent_speed_mean,0.07003245502710342
1,MODERATE,recent_speed_std,0.05687113106250763
1,MODERATE,near_zero_fraction,0.003352674189954996
1,MODERATE,low_speed_fraction,0.19892731308937073
1,MODERATE,moderate_speed_fraction,0.01813068427145481
1,MODERATE,high_speed_fraction,0.1028091311454773
1,MODERATE,hour,0.16713155806064606
1,MODERATE,hour_sin,0.04186413064599037
1,MODERATE,hour_cos,0.02344825118780136
1,MODERATE,day_of_week,0.04526541009545326
1,MODERATE,day_sin,0.009322053752839565
1,MODERATE,day_cos,0.004995673429220915
1,MODERATE,is_weekend,0.0003407205222174525
1,MODERATE,sensor_index,0.21099841594696045
2,SEVERE,current_speed_mean,0.11224035918712616
2,SEVERE,current_speed_std,0.06976056098937988
2,SEVERE,current_speed_min,0.004129554610699415
2,SEVERE,current_speed_max,0.0013931553112342954
2,SEVERE,previous_speed_mean,0.04096592962741852
2,SEVERE,previous_speed_std,0.008025487884879112
2,SEVERE,speed_change_mean,0.014584832824766636
2,SEVERE,speed_change_std,0.04186991602182388
2,SEVERE,long_term_speed_change,0.03215445205569267
2,SEVERE,sequence_speed_mean,0.021147312596440315
2,SEVERE,sequence_speed_std,0.02940882183611393
2,SEVERE,recent_speed_mean,0.04895829036831856
2,SEVERE,recent_speed_std,0.10045880824327469
2,SEVERE,near_zero_fraction,0.011797268874943256
2,SEVERE,low_speed_fraction,0.5599877238273621
2,SEVERE,moderate_speed_fraction,0.03920033574104309
2,SEVERE,high_speed_fraction,0.010085973888635635
2,SEVERE,hour,0.03548692539334297
2,SEVERE,hour_sin,0.02097652666270733
2,SEVERE,hour_cos,0.09261980652809143
2,SEVERE,day_of_week,0.011392313987016678
2,SEVERE,day_sin,0.006904806476086378
2,SEVERE,day_cos,0.004228690639138222
2,SEVERE,is_weekend,3.592605207813904e-05
2,SEVERE,sensor_index,0.17358414828777313
