class_id,class,feature,top_n_frequency,top_n_count
0,LOW,high_speed_fraction,0.9881278538812786,4328
0,LOW,sensor_index,0.9522831050228311,4171
0,LOW,current_speed_mean,0.9497716894977168,4160
0,LOW,hour,0.8993150684931507,3939
0,LOW,recent_speed_mean,0.878310502283105,3847
0,LOW,moderate_speed_fraction,0.8664383561643836,3795
0,LOW,long_term_speed_change,0.7835616438356164,3432
0,LOW,recent_speed_std,0.6792237442922374,2975
0,LOW,previous_speed_mean,0.5408675799086758,2369
0,LOW,hour_sin,0.5404109589041096,2367
0,LOW,hour_cos,0.521689497716895,2285
0,LOW,sequence_speed_std,0.39360730593607307,1724
0,LOW,low_speed_fraction,0.236986301369863,1038
0,LOW,current_speed_max,0.17785388127853882,779
0,LOW,sequence_speed_mean,0.15228310502283104,667
0,LOW,day_of_week,0.11027397260273973,483
0,LOW,near_zero_fraction,0.10662100456621004,467
0,LOW,day_sin,0.07557077625570777,331
0,LOW,speed_change_std,0.06141552511415525,269
0,LOW,previous_speed_std,0.04269406392694064,187
0,LOW,current_speed_std,0.020319634703196348,89
0,LOW,speed_change_mean,0.020319634703196348,89
0,LOW,is_weekend,0.001141552511415525,5
0,LOW,day_cos,0.0009132420091324201,4
0,LOW,current_speed_min,0.0,0
1,MODERATE,low_speed_fraction,0.9973637961335676,2270
1,MODERATE,hour,0.9898945518453427,2253
1,MODERATE,sensor_index,0.9551845342706503,2174
1,MODERATE,high_speed_fraction,0.9507908611599297,2164
1,MODERATE,recent_speed_std,0.9231107205623902,2101
1,MODERATE,hour_sin,0.8106326889279437,1845
1,MODERATE,day_of_week,0.7451669595782073,1696
1,MODERATE,recent_speed_mean,0.7205623901581723,1640
1,MODERATE,current_speed_std,0.6520210896309314,1484
1,MODERATE,hour_cos,0.48945518453427067,1114
1,MODERATE,current_speed_mean,0.4415641476274165,1005
1,MODERATE,current_speed_max,0.4094903339191564,932
1,MODERATE,previous_speed_mean,0.3242530755711775,738
1,MODERATE,moderate_speed_fraction,0.26537785588752194,604
1,MODERATE,sequence_speed_std,0.19200351493848858,437
1,MODERATE,day_sin,0.07117750439367311,162
1,MODERATE,previous_speed_std,0.027240773286467488,62
1,MODERATE,sequence_speed_mean,0.011862917398945518,27
1,MODERATE,near_zero_fraction,0.0057117750439367315,13
1,MODERATE,speed_change_mean,0.0057117750439367315,13
1,MODERATE,speed_change_std,0.005272407732864675,12
1,MODERATE,long_term_speed_change,0.0048330404217926184,11
1,MODERATE,is_weekend,0.0008787346221441124,2
1,MODERATE,day_cos,0.0004393673110720562,1
1,MODERATE,current_speed_min,0.0,0
2,SEVERE,low_speed_fraction,0.9973086124401914,3335
2,SEVERE,current_speed_mean,0.9868421052631579,3300
2,SEVERE,recent_speed_std,0.965011961722488,3227
2,SEVERE,current_speed_std,0.9240430622009569,3090
2,SEVERE,recent_speed_mean,0.8139952153110048,2722
2,SEVERE,speed_change_std,0.8011363636363636,2679
2,SEVERE,sensor_index,0.7407296650717703,2477
2,SEVERE,hour_cos,0.6572966507177034,2198
2,SEVERE,previous_speed_mean,0.6124401913875598,2048
2,SEVERE,long_term_speed_change,0.5789473684210527,1936
2,SEVERE,moderate_speed_fraction,0.5448564593301436,1822
2,SEVERE,sequence_speed_mean,0.4772727272727273,1596
2,SEVERE,sequence_speed_std,0.3355263157894737,1122
2,SEVERE,hour_sin,0.20185406698564592,675
2,SEVERE,hour,0.13935406698564592,466
2,SEVERE,speed_change_mean,0.07177033492822966,240
2,SEVERE,day_of_week,0.060705741626794256,203
2,SEVERE,day_sin,0.04336124401913875,145
2,SEVERE,near_zero_fraction,0.028409090909090908,95
2,SEVERE,high_speed_fraction,0.009868421052631578,33
2,SEVERE,current_speed_max,0.005083732057416268,17
2,SEVERE,day_cos,0.0023923444976076554,8
2,SEVERE,previous_speed_std,0.0011961722488038277,4
2,SEVERE,current_speed_min,0.0005980861244019139,2
2,SEVERE,is_weekend,0.0,0
